1,10001,Est_consequatur_amet_nobis_assumenda_et_magni_ducimus_ex,0,https://i.picsum.photos/id/120/1440/960.jpg,https://i.picsum.photos/id/120/720/455.jpg,Placeat quibusdam dolores ut nihil eos sit aperiam quaerat.,https://i.picsum.photos/id/157/1440/960.jpg,https://i.picsum.photos/id/157/720/455.jpg,Necessitatibus rerum aut natus reprehenderit impedit recusandae.,https://i.picsum.photos/id/118/1440/960.jpg,https://i.picsum.photos/id/118/720/455.jpg,Perferendis voluptatibus reiciendis ipsa ipsam unde numquam rerum accusantium.,https://i.picsum.photos/id/124/1440/960.jpg,https://i.picsum.photos/id/124/720/455.jpg,Minima nihil voluptas cumque ut omnis.,https://i.picsum.photos/id/120/1440/960.jpg,https://i.picsum.photos/id/120/720/455.jpg,Molestiae beatae eveniet maiores ratione a ut.,https://i.picsum.photos/id/106/1440/960.jpg,https://i.picsum.photos/id/106/720/455.jpg,Sequi at inventore ex cum.,https://i.picsum.photos/id/175/1440/960.jpg,https://i.picsum.photos/id/175/720/455.jpg,Rem et porro qui recusandae culpa.,null,null,null,null,null,null,null,null,null 
2,10002,Provident_dolorem_eius_recusandae_autem_ut_tenetur_et_eaque,0,https://i.picsum.photos/id/103/1440/960.jpg,https://i.picsum.photos/id/103/720/455.jpg,Occaecati temporibus sint sed.,https://i.picsum.photos/id/177/1440/960.jpg,https://i.picsum.photos/id/177/720/455.jpg,Expedita cupiditate accusamus ut sit ea nesciunt libero.,https://i.picsum.photos/id/156/1440/960.jpg,https://i.picsum.photos/id/156/720/455.jpg,Et beatae ratione quia.,https://i.picsum.photos/id/169/1440/960.jpg,https://i.picsum.photos/id/169/720/455.jpg,Nihil sit consequuntur sunt quod expedita enim.,https://i.picsum.photos/id/135/1440/960.jpg,https://i.picsum.photos/id/135/720/455.jpg,Voluptate odit qui dolorem cumque dolor et enim.,https://i.picsum.photos/id/132/1440/960.jpg,https://i.picsum.photos/id/132/720/455.jpg,Sed esse commodi eos ut quas dolorem iure accusantium.,null,null,null,null,null,null,null,null,null,null,null,null 
3,10003,Vero_eaque_qui_et_esse_cum_consequuntur_quo_id,0,https://i.picsum.photos/id/152/1440/960.jpg,https://i.picsum.photos/id/152/720/455.jpg,Vel ex voluptas ea culpa quibusdam molestiae labore consequatur aspernatur.,https://i.picsum.photos/id/151/1440/960.jpg,https://i.picsum.photos/id/151/720/455.jpg,Rerum voluptas eos architecto a eveniet et vel molestias.,https://i.picsum.photos/id/103/1440/960.jpg,https://i.picsum.photos/id/103/720/455.jpg,Inventore quas voluptates iure magni omnis rerum iure voluptas enim.,https://i.picsum.photos/id/129/1440/960.jpg,https://i.picsum.photos/id/129/720/455.jpg,Libero distinctio corporis et odit.,https://i.picsum.photos/id/132/1440/960.jpg,https://i.picsum.photos/id/132/720/455.jpg,Magni doloremque similique quo pariatur veritatis minima.,https://i.picsum.photos/id/129/1440/960.jpg,https://i.picsum.photos/id/129/720/455.jpg,Quia repellat et.,https://i.picsum.photos/id/149/1440/960.jpg,https://i.picsum.photos/id/149/720/455.jpg,Sunt voluptatem ullam velit culpa in molestias tempore rerum.,https://i.picsum.photos/id/133/1440/960.jpg,https://i.picsum.photos/id/133/720/455.jpg,Asperiores nihil sunt officiis rem.,https://i.picsum.photos/id/117/1440/960.jpg,https://i.picsum.photos/id/117/720/455.jpg,Dolores possimus quos omnis minus omnis.,null,null,null 
4,10004,Et_voluptatem_nulla_qui_dolor_eaque_ipsum_et_repudiandae_consequatur,0,https://i.picsum.photos/id/181/1440/960.jpg,https://i.picsum.photos/id/181/720/455.jpg,Autem natus eius dolores sit.,https://i.picsum.photos/id/126/1440/960.jpg,https://i.picsum.photos/id/126/720/455.jpg,Omnis exercitationem perspiciatis.,https://i.picsum.photos/id/183/1440/960.jpg,https://i.picsum.photos/id/183/720/455.jpg,Aliquid quis inventore expedita doloribus neque numquam et.,https://i.picsum.photos/id/122/1440/960.jpg,https://i.picsum.photos/id/122/720/455.jpg,Ex quos aut placeat debitis optio error doloribus voluptas itaque.,https://i.picsum.photos/id/145/1440/960.jpg,https://i.picsum.photos/id/145/720/455.jpg,Consequuntur soluta ad qui labore provident qui architecto.,https://i.picsum.photos/id/133/1440/960.jpg,https://i.picsum.photos/id/133/720/455.jpg,Dolor officiis sapiente cupiditate consectetur qui eaque quia magni excepturi.,https://i.picsum.photos/id/190/1440/960.jpg,https://i.picsum.photos/id/190/720/455.jpg,Nemo ut reprehenderit enim corporis provident qui molestiae deserunt eius.,null,null,null,null,null,null,null,null,null 
5,10005,Non_beatae_aut_delectus_eum_fugit,0,https://i.picsum.photos/id/134/1440/960.jpg,https://i.picsum.photos/id/134/720/455.jpg,Alias quo quia nesciunt voluptas dignissimos vel nihil.,https://i.picsum.photos/id/129/1440/960.jpg,https://i.picsum.photos/id/129/720/455.jpg,Esse error nisi mollitia cum consectetur voluptate vero eveniet sit.,https://i.picsum.photos/id/179/1440/960.jpg,https://i.picsum.photos/id/179/720/455.jpg,Numquam velit ut ea omnis dolores reiciendis nihil occaecati.,https://i.picsum.photos/id/135/1440/960.jpg,https://i.picsum.photos/id/135/720/455.jpg,Placeat illum enim praesentium consectetur dolorem.,https://i.picsum.photos/id/195/1440/960.jpg,https://i.picsum.photos/id/195/720/455.jpg,Sed voluptas a explicabo incidunt vero.,https://i.picsum.photos/id/145/1440/960.jpg,https://i.picsum.photos/id/145/720/455.jpg,Aperiam sit ea cumque quaerat.,https://i.picsum.photos/id/172/1440/960.jpg,https://i.picsum.photos/id/172/720/455.jpg,Deserunt beatae eaque distinctio.,https://i.picsum.photos/id/127/1440/960.jpg,https://i.picsum.photos/id/127/720/455.jpg,Unde itaque ut ut soluta minus odio possimus.,https://i.picsum.photos/id/181/1440/960.jpg,https://i.picsum.photos/id/181/720/455.jpg,Aspernatur quis quibusdam ipsa error.,null,null,null 
6,10006,Consectetur_sequi_incidunt,0,https://i.picsum.photos/id/152/1440/960.jpg,https://i.picsum.photos/id/152/720/455.jpg,Similique veniam deleniti.,https://i.picsum.photos/id/101/1440/960.jpg,https://i.picsum.photos/id/101/720/455.jpg,Vel minima ratione voluptatem dolor ea sunt facilis.,https://i.picsum.photos/id/119/1440/960.jpg,https://i.picsum.photos/id/119/720/455.jpg,Ab facere enim cumque.,https://i.picsum.photos/id/141/1440/960.jpg,https://i.picsum.photos/id/141/720/455.jpg,Amet delectus ducimus cumque porro magni consequuntur dignissimos.,https://i.picsum.photos/id/158/1440/960.jpg,https://i.picsum.photos/id/158/720/455.jpg,Error minima temporibus voluptatibus sint maxime quam.,https://i.picsum.photos/id/173/1440/960.jpg,https://i.picsum.photos/id/173/720/455.jpg,Similique pariatur esse.,https://i.picsum.photos/id/190/1440/960.jpg,https://i.picsum.photos/id/190/720/455.jpg,Aspernatur error quia at non.,https://i.picsum.photos/id/181/1440/960.jpg,https://i.picsum.photos/id/181/720/455.jpg,Itaque non debitis qui est non voluptatem quo consequatur quae.,null,null,null,null,null,null 
7,10007,Sit_et_et,0,https://i.picsum.photos/id/126/1440/960.jpg,https://i.picsum.photos/id/126/720/455.jpg,Est est sed debitis accusamus quo.,https://i.picsum.photos/id/105/1440/960.jpg,https://i.picsum.photos/id/105/720/455.jpg,Voluptatem similique corrupti aliquid est.,https://i.picsum.photos/id/176/1440/960.jpg,https://i.picsum.photos/id/176/720/455.jpg,Aliquid aut qui velit.,https://i.picsum.photos/id/136/1440/960.jpg,https://i.picsum.photos/id/136/720/455.jpg,Minus culpa qui quasi repellat rerum natus exercitationem quasi.,https://i.picsum.photos/id/117/1440/960.jpg,https://i.picsum.photos/id/117/720/455.jpg,Repudiandae rem eveniet doloremque voluptatem.,https://i.picsum.photos/id/152/1440/960.jpg,https://i.picsum.photos/id/152/720/455.jpg,Aut sint deserunt consequatur.,https://i.picsum.photos/id/112/1440/960.jpg,https://i.picsum.photos/id/112/720/455.jpg,Et dignissimos ut delectus corporis accusamus enim quisquam molestiae vitae.,https://i.picsum.photos/id/113/1440/960.jpg,https://i.picsum.photos/id/113/720/455.jpg,Et veritatis voluptates natus sit corrupti et expedita.,https://i.picsum.photos/id/163/1440/960.jpg,https://i.picsum.photos/id/163/720/455.jpg,Eveniet laborum sapiente recusandae.,https://i.picsum.photos/id/141/1440/960.jpg,https://i.picsum.photos/id/141/720/455.jpg,Qui a necessitatibus. 
8,10008,Quia_modi_iusto_veritatis,0,https://i.picsum.photos/id/176/1440/960.jpg,https://i.picsum.photos/id/176/720/455.jpg,Et omnis modi quisquam ut quasi ut illum aut.,https://i.picsum.photos/id/172/1440/960.jpg,https://i.picsum.photos/id/172/720/455.jpg,Dolore magni voluptatem rerum voluptas porro.,https://i.picsum.photos/id/154/1440/960.jpg,https://i.picsum.photos/id/154/720/455.jpg,Omnis inventore maxime veritatis sit consequatur voluptas rerum explicabo autem.,https://i.picsum.photos/id/192/1440/960.jpg,https://i.picsum.photos/id/192/720/455.jpg,Et culpa tenetur.,https://i.picsum.photos/id/100/1440/960.jpg,https://i.picsum.photos/id/100/720/455.jpg,Corporis quod corporis nam maxime veniam.,https://i.picsum.photos/id/127/1440/960.jpg,https://i.picsum.photos/id/127/720/455.jpg,Est consequuntur optio quibusdam.,null,null,null,null,null,null,null,null,null,null,null,null 
9,10009,Consequuntur_deserunt_voluptatem_aut_ea,0,https://i.picsum.photos/id/175/1440/960.jpg,https://i.picsum.photos/id/175/720/455.jpg,Consequuntur quam est ea.,https://i.picsum.photos/id/158/1440/960.jpg,https://i.picsum.photos/id/158/720/455.jpg,Qui tempora minima voluptas vel voluptate omnis debitis excepturi.,https://i.picsum.photos/id/120/1440/960.jpg,https://i.picsum.photos/id/120/720/455.jpg,Odit deleniti magni et quis ut et sit.,https://i.picsum.photos/id/107/1440/960.jpg,https://i.picsum.photos/id/107/720/455.jpg,Aut quisquam ut quo.,https://i.picsum.photos/id/112/1440/960.jpg,https://i.picsum.photos/id/112/720/455.jpg,Sed commodi voluptatem hic quod atque officia eos temporibus.,https://i.picsum.photos/id/160/1440/960.jpg,https://i.picsum.photos/id/160/720/455.jpg,Tenetur rerum similique exercitationem aut velit officiis consequatur eos mollitia.,null,null,null,null,null,null,null,null,null,null,null,null 
10,10010,Dolorem_aut_necessitatibus,0,https://i.picsum.photos/id/146/1440/960.jpg,https://i.picsum.photos/id/146/720/455.jpg,Quisquam quaerat voluptas perspiciatis dolores nam veritatis.,https://i.picsum.photos/id/157/1440/960.jpg,https://i.picsum.photos/id/157/720/455.jpg,Consectetur sit pariatur sunt nihil molestias.,https://i.picsum.photos/id/161/1440/960.jpg,https://i.picsum.photos/id/161/720/455.jpg,Culpa sed impedit consequatur repellat laboriosam a ullam.,https://i.picsum.photos/id/128/1440/960.jpg,https://i.picsum.photos/id/128/720/455.jpg,Delectus velit aut.,https://i.picsum.photos/id/136/1440/960.jpg,https://i.picsum.photos/id/136/720/455.jpg,Quis voluptatum nobis quo consequuntur ea esse dolor nobis.,https://i.picsum.photos/id/175/1440/960.jpg,https://i.picsum.photos/id/175/720/455.jpg,Officia pariatur dolor eveniet sit deserunt.,https://i.picsum.photos/id/125/1440/960.jpg,https://i.picsum.photos/id/125/720/455.jpg,Voluptatem officiis possimus doloribus sint.,https://i.picsum.photos/id/112/1440/960.jpg,https://i.picsum.photos/id/112/720/455.jpg,Odit ab dignissimos repudiandae cupiditate labore est nisi totam et.,https://i.picsum.photos/id/127/1440/960.jpg,https://i.picsum.photos/id/127/720/455.jpg,Facilis perspiciatis quis mollitia a blanditiis et.,null,null,null 
